{"cameraMode":{"drawMode":0,"name":"Shaded","section":"Shading Mode"},"sceneLighting":true,"audioPlay":false,"sceneViewState":{"showFog":true,"showMaterialUpdate":false,"showSkybox":true,"showFlares":true,"showImageEffects":true,"showParticleSystems":true},"in2DMode":false,"pivot":{"x":905.7999877929688,"y":392.8999938964844,"z":0.8999999761581421},"rotation":{"x":0.1430574655532837,"y":-0.07800135016441345,"z":0.011310326866805554,"w":0.9865771532058716},"size":268.6005554199219,"orthographic":false}