{"cameraMode":{"drawMode":0,"name":"Shaded","section":"Shading Mode"},"sceneLighting":false,"audioPlay":false,"sceneViewState":{"showFog":true,"showMaterialUpdate":false,"showSkybox":false,"showFlares":true,"showImageEffects":true,"showParticleSystems":true},"in2DMode":false,"pivot":{"x":-2.2586259841918947,"y":0.07378131151199341,"z":26.510955810546876},"rotation":{"x":-0.0029721115715801718,"y":-0.9869787693023682,"z":0.15978436172008515,"w":-0.01836194284260273},"size":4.81490421295166,"orthographic":false}